k,cpu_float,cpu_double,gpu_float,gpu_double
15,21.38000,27.76400,2.82200,3.55200
16,44.47200,50.05700,3.35900,4.43400
17,93.55900,109.10900,4.28400,6.19900
18,200.95900,233.12600,5.69900,9.56300
19,423.76100,494.69600,8.55500,16.92700
20,894.75400,1041.26000,14.52900,31.36200
21,1877.94000,2182.07000,27.18000,62.05800
22,3927.40000,4599.92000,53.78400,126.72300
23,8215.79000,9544.57000,108.53200,269.77700
